Project;Manager;Category;Key;CommitHash;IsMergeCommit;Author;AuthorDate;Committer;CommitterDate;CommitMessageTopWords;FileName;FilePath;ChangeType;IsSrcFile;IsTestFile;AddLines;DelLines;NoMethods;LoC;CyC;NoTokens
MADLIB;Apache MADlib Committee;machine-learning;MADLIB-640;307646edcff99afc435b96421d94ccb89286bd3d;0;aojwang;2012-08-21 06:32:46;Hitoshi Harada;2012-08-21 23:56:51;function:3 table:3 tree:2 change:2 volatile:2 schema:2 decision:1 training:1 failed:1 result:1 default:1 scenario:1 create:1 call:1 retrieve:1 stable:1 return:1 null:1 solution:1;dt_utility.sql_in;methods/cart/src/pg_gp/dt_utility.sql_in;MODIFY;0;0;4;1;0;292.0;0.0;1190.0
MADLIB;Apache MADlib Committee;machine-learning;MADLIB-1100;186aefa6dabbf58ed46a125b876cca4e5b5e2422;0;Nandish Jayaram;2017-05-19 18:00:03;Nandish Jayaram;2017-05-30 16:36:40;grouping:4 query:3 instead:2 fix:1 multiple:1 bugs:1 issue:1 default:1 threshold:1 set:1 value:1 dependent:1 number:1 vertices:1 older:1 docs:1 said:1 latest:1 experiments:1 showed:1 even:1 converge:1 iterations:1 using:1 remove:1 hard:1 coded:1 schema:1 name:1 install:1 check:1 commit:1 includes:1 changes:1 performance:1 improvement:1 distributes:1 intermediate:1 temp:1 edge:1 table:1 cols:1 dest:1 vertex:1 hoping:1 perform:1 better:1 databases:1 inserts:1 nodes:1 incoming:1 edges:1 inefficient:1 especially:1 updated:1 significantly:1 reduces:1 time:1 run:1 outside:1 loop:1 graph:1 change:1 closes:1;graph.tex;doc/design/modules/graph.tex;MODIFY;0;0;2;2;0;380.0;0.0;2946.0
MADLIB;Apache MADlib Committee;machine-learning;MADLIB-1100;186aefa6dabbf58ed46a125b876cca4e5b5e2422;0;Nandish Jayaram;2017-05-19 18:00:03;Nandish Jayaram;2017-05-30 16:36:40;grouping:4 query:3 instead:2 fix:1 multiple:1 bugs:1 issue:1 default:1 threshold:1 set:1 value:1 dependent:1 number:1 vertices:1 older:1 docs:1 said:1 latest:1 experiments:1 showed:1 even:1 converge:1 iterations:1 using:1 remove:1 hard:1 coded:1 schema:1 name:1 install:1 check:1 commit:1 includes:1 changes:1 performance:1 improvement:1 distributes:1 intermediate:1 temp:1 edge:1 table:1 cols:1 dest:1 vertex:1 hoping:1 perform:1 better:1 databases:1 inserts:1 nodes:1 incoming:1 edges:1 inefficient:1 especially:1 updated:1 significantly:1 reduces:1 time:1 run:1 outside:1 loop:1 graph:1 change:1 closes:1;pagerank.py_in;src/ports/postgres/modules/graph/pagerank.py_in;MODIFY;0;0;64;29;0;625.0;0.0;1884.0
MADLIB;Apache MADlib Committee;machine-learning;MADLIB-1100;186aefa6dabbf58ed46a125b876cca4e5b5e2422;0;Nandish Jayaram;2017-05-19 18:00:03;Nandish Jayaram;2017-05-30 16:36:40;grouping:4 query:3 instead:2 fix:1 multiple:1 bugs:1 issue:1 default:1 threshold:1 set:1 value:1 dependent:1 number:1 vertices:1 older:1 docs:1 said:1 latest:1 experiments:1 showed:1 even:1 converge:1 iterations:1 using:1 remove:1 hard:1 coded:1 schema:1 name:1 install:1 check:1 commit:1 includes:1 changes:1 performance:1 improvement:1 distributes:1 intermediate:1 temp:1 edge:1 table:1 cols:1 dest:1 vertex:1 hoping:1 perform:1 better:1 databases:1 inserts:1 nodes:1 incoming:1 edges:1 inefficient:1 especially:1 updated:1 significantly:1 reduces:1 time:1 run:1 outside:1 loop:1 graph:1 change:1 closes:1;pagerank.sql_in;src/ports/postgres/modules/graph/pagerank.sql_in;MODIFY;0;0;4;4;0;322.0;0.0;1685.0
MADLIB;Apache MADlib Committee;machine-learning;MADLIB-1100;186aefa6dabbf58ed46a125b876cca4e5b5e2422;0;Nandish Jayaram;2017-05-19 18:00:03;Nandish Jayaram;2017-05-30 16:36:40;grouping:4 query:3 instead:2 fix:1 multiple:1 bugs:1 issue:1 default:1 threshold:1 set:1 value:1 dependent:1 number:1 vertices:1 older:1 docs:1 said:1 latest:1 experiments:1 showed:1 even:1 converge:1 iterations:1 using:1 remove:1 hard:1 coded:1 schema:1 name:1 install:1 check:1 commit:1 includes:1 changes:1 performance:1 improvement:1 distributes:1 intermediate:1 temp:1 edge:1 table:1 cols:1 dest:1 vertex:1 hoping:1 perform:1 better:1 databases:1 inserts:1 nodes:1 incoming:1 edges:1 inefficient:1 especially:1 updated:1 significantly:1 reduces:1 time:1 run:1 outside:1 loop:1 graph:1 change:1 closes:1;pagerank.sql_in;src/ports/postgres/modules/graph/test/pagerank.sql_in;MODIFY;0;0;2;2;0;77.0;0.0;493.0
MADLIB;Apache MADlib Committee;machine-learning;MADLIB-1107;186aefa6dabbf58ed46a125b876cca4e5b5e2422;0;Nandish Jayaram;2017-05-19 18:00:03;Nandish Jayaram;2017-05-30 16:36:40;grouping:4 query:3 instead:2 fix:1 multiple:1 bugs:1 issue:1 default:1 threshold:1 set:1 value:1 dependent:1 number:1 vertices:1 older:1 docs:1 said:1 latest:1 experiments:1 showed:1 even:1 converge:1 iterations:1 using:1 remove:1 hard:1 coded:1 schema:1 name:1 install:1 check:1 commit:1 includes:1 changes:1 performance:1 improvement:1 distributes:1 intermediate:1 temp:1 edge:1 table:1 cols:1 dest:1 vertex:1 hoping:1 perform:1 better:1 databases:1 inserts:1 nodes:1 incoming:1 edges:1 inefficient:1 especially:1 updated:1 significantly:1 reduces:1 time:1 run:1 outside:1 loop:1 graph:1 change:1 closes:1;graph.tex;doc/design/modules/graph.tex;MODIFY;0;0;2;2;0;380.0;0.0;2946.0
MADLIB;Apache MADlib Committee;machine-learning;MADLIB-1107;186aefa6dabbf58ed46a125b876cca4e5b5e2422;0;Nandish Jayaram;2017-05-19 18:00:03;Nandish Jayaram;2017-05-30 16:36:40;grouping:4 query:3 instead:2 fix:1 multiple:1 bugs:1 issue:1 default:1 threshold:1 set:1 value:1 dependent:1 number:1 vertices:1 older:1 docs:1 said:1 latest:1 experiments:1 showed:1 even:1 converge:1 iterations:1 using:1 remove:1 hard:1 coded:1 schema:1 name:1 install:1 check:1 commit:1 includes:1 changes:1 performance:1 improvement:1 distributes:1 intermediate:1 temp:1 edge:1 table:1 cols:1 dest:1 vertex:1 hoping:1 perform:1 better:1 databases:1 inserts:1 nodes:1 incoming:1 edges:1 inefficient:1 especially:1 updated:1 significantly:1 reduces:1 time:1 run:1 outside:1 loop:1 graph:1 change:1 closes:1;pagerank.py_in;src/ports/postgres/modules/graph/pagerank.py_in;MODIFY;0;0;64;29;0;625.0;0.0;1884.0
MADLIB;Apache MADlib Committee;machine-learning;MADLIB-1107;186aefa6dabbf58ed46a125b876cca4e5b5e2422;0;Nandish Jayaram;2017-05-19 18:00:03;Nandish Jayaram;2017-05-30 16:36:40;grouping:4 query:3 instead:2 fix:1 multiple:1 bugs:1 issue:1 default:1 threshold:1 set:1 value:1 dependent:1 number:1 vertices:1 older:1 docs:1 said:1 latest:1 experiments:1 showed:1 even:1 converge:1 iterations:1 using:1 remove:1 hard:1 coded:1 schema:1 name:1 install:1 check:1 commit:1 includes:1 changes:1 performance:1 improvement:1 distributes:1 intermediate:1 temp:1 edge:1 table:1 cols:1 dest:1 vertex:1 hoping:1 perform:1 better:1 databases:1 inserts:1 nodes:1 incoming:1 edges:1 inefficient:1 especially:1 updated:1 significantly:1 reduces:1 time:1 run:1 outside:1 loop:1 graph:1 change:1 closes:1;pagerank.sql_in;src/ports/postgres/modules/graph/pagerank.sql_in;MODIFY;0;0;4;4;0;322.0;0.0;1685.0
MADLIB;Apache MADlib Committee;machine-learning;MADLIB-1107;186aefa6dabbf58ed46a125b876cca4e5b5e2422;0;Nandish Jayaram;2017-05-19 18:00:03;Nandish Jayaram;2017-05-30 16:36:40;grouping:4 query:3 instead:2 fix:1 multiple:1 bugs:1 issue:1 default:1 threshold:1 set:1 value:1 dependent:1 number:1 vertices:1 older:1 docs:1 said:1 latest:1 experiments:1 showed:1 even:1 converge:1 iterations:1 using:1 remove:1 hard:1 coded:1 schema:1 name:1 install:1 check:1 commit:1 includes:1 changes:1 performance:1 improvement:1 distributes:1 intermediate:1 temp:1 edge:1 table:1 cols:1 dest:1 vertex:1 hoping:1 perform:1 better:1 databases:1 inserts:1 nodes:1 incoming:1 edges:1 inefficient:1 especially:1 updated:1 significantly:1 reduces:1 time:1 run:1 outside:1 loop:1 graph:1 change:1 closes:1;pagerank.sql_in;src/ports/postgres/modules/graph/test/pagerank.sql_in;MODIFY;0;0;2;2;0;77.0;0.0;493.0
MADLIB;Apache MADlib Committee;machine-learning;MADLIB-1094;ceefae4f4180b88a1aa5712d0e43f0b00573c378;0;Cooper Sloan;2017-08-10 19:04:04;Orhan Kislal;2017-08-11 18:31:12;elastic:1 net:1 fix:1 normalization:1 issue:1 numerically:1 unstable:1 data:1 scaling:1 occuring:1 grouping:1 true:1 closes:1;elastic_net_generate_result.py_in;src/ports/postgres/modules/elastic_net/elastic_net_generate_result.py_in;MODIFY;0;0;3;3;0;209.0;0.0;553.0
MADLIB;Apache MADlib Committee;machine-learning;MADLIB-1094;ceefae4f4180b88a1aa5712d0e43f0b00573c378;0;Cooper Sloan;2017-08-10 19:04:04;Orhan Kislal;2017-08-11 18:31:12;elastic:1 net:1 fix:1 normalization:1 issue:1 numerically:1 unstable:1 data:1 scaling:1 occuring:1 grouping:1 true:1 closes:1;elastic_net_optimizer_igd.py_in;src/ports/postgres/modules/elastic_net/elastic_net_optimizer_igd.py_in;MODIFY;0;0;2;2;0;318.0;0.0;1663.0
MADLIB;Apache MADlib Committee;machine-learning;MADLIB-1094;ceefae4f4180b88a1aa5712d0e43f0b00573c378;0;Cooper Sloan;2017-08-10 19:04:04;Orhan Kislal;2017-08-11 18:31:12;elastic:1 net:1 fix:1 normalization:1 issue:1 numerically:1 unstable:1 data:1 scaling:1 occuring:1 grouping:1 true:1 closes:1;elastic_net_utils.py_in;src/ports/postgres/modules/elastic_net/elastic_net_utils.py_in;MODIFY;0;0;30;12;0;280.0;0.0;1278.0
MADLIB;Apache MADlib Committee;machine-learning;MADLIB-1146;ceefae4f4180b88a1aa5712d0e43f0b00573c378;0;Cooper Sloan;2017-08-10 19:04:04;Orhan Kislal;2017-08-11 18:31:12;elastic:1 net:1 fix:1 normalization:1 issue:1 numerically:1 unstable:1 data:1 scaling:1 occuring:1 grouping:1 true:1 closes:1;elastic_net_generate_result.py_in;src/ports/postgres/modules/elastic_net/elastic_net_generate_result.py_in;MODIFY;0;0;3;3;0;209.0;0.0;553.0
MADLIB;Apache MADlib Committee;machine-learning;MADLIB-1146;ceefae4f4180b88a1aa5712d0e43f0b00573c378;0;Cooper Sloan;2017-08-10 19:04:04;Orhan Kislal;2017-08-11 18:31:12;elastic:1 net:1 fix:1 normalization:1 issue:1 numerically:1 unstable:1 data:1 scaling:1 occuring:1 grouping:1 true:1 closes:1;elastic_net_optimizer_igd.py_in;src/ports/postgres/modules/elastic_net/elastic_net_optimizer_igd.py_in;MODIFY;0;0;2;2;0;318.0;0.0;1663.0
MADLIB;Apache MADlib Committee;machine-learning;MADLIB-1146;ceefae4f4180b88a1aa5712d0e43f0b00573c378;0;Cooper Sloan;2017-08-10 19:04:04;Orhan Kislal;2017-08-11 18:31:12;elastic:1 net:1 fix:1 normalization:1 issue:1 numerically:1 unstable:1 data:1 scaling:1 occuring:1 grouping:1 true:1 closes:1;elastic_net_utils.py_in;src/ports/postgres/modules/elastic_net/elastic_net_utils.py_in;MODIFY;0;0;30;12;0;280.0;0.0;1278.0
MADLIB;Apache MADlib Committee;machine-learning;MADLIB-1191;8d8384b1c37fe9525cd5e13eda0474946a9bf7a8;0;Rahul Iyer;2017-12-26 19:01:44;Rahul Iyer;2018-01-03 01:42:18;files:2 performed:2 cat:2 add:1 requires:1 single:1 file:1 installation:1 created:1 concatenating:1 together:1 earlier:1 simple:1 command:1 led:1 error:1 due:1 missing:1 commit:1 avoids:1 issue:1 explicitly:1 adding:1 concatenation:1 using:1 instead:1 closes:1;CMakeLists.txt;src/ports/postgres/CMakeLists.txt;MODIFY;0;0;7;1;0;264.0;0.0;1125.0
MADLIB;Apache MADlib Committee;machine-learning;MADLIB-1237;fc8498e087736e7abe04e961345e26a297cd9113;0;Jingyi Mei;2018-05-23 23:29:54;Jingyi Mei;2018-07-02 21:45:11;special:4 column:4 support:3 characters:3 function:3 co:3 authored:3 values:2 call:2 escaped:2 list:2 passed:2 pivotal:2 io:2 commit:1 enables:1 character:1 names:1 decided:1 use:1 following:1 strategy:1 supporting:1 module:1 needs:1 need:1 quoted:1 also:1 created:1 called:1 return:1 levels:1 output:1 safely:1 set:1 true:1 mei:1 apache:1;mlp_igd.py_in;src/ports/postgres/modules/convex/mlp_igd.py_in;MODIFY;0;0;40;46;0;1725.0;0.0;2068.0
MADLIB;Apache MADlib Committee;machine-learning;MADLIB-1237;fc8498e087736e7abe04e961345e26a297cd9113;0;Jingyi Mei;2018-05-23 23:29:54;Jingyi Mei;2018-07-02 21:45:11;special:4 column:4 support:3 characters:3 function:3 co:3 authored:3 values:2 call:2 escaped:2 list:2 passed:2 pivotal:2 io:2 commit:1 enables:1 character:1 names:1 decided:1 use:1 following:1 strategy:1 supporting:1 module:1 needs:1 need:1 quoted:1 also:1 created:1 called:1 return:1 levels:1 output:1 safely:1 set:1 true:1 mei:1 apache:1;mlp.sql_in;src/ports/postgres/modules/convex/test/mlp.sql_in;MODIFY;0;0;184;2;1;1335.0;1.0;97507.0
MADLIB;Apache MADlib Committee;machine-learning;MADLIB-1237;fc8498e087736e7abe04e961345e26a297cd9113;0;Jingyi Mei;2018-05-23 23:29:54;Jingyi Mei;2018-07-02 21:45:11;special:4 column:4 support:3 characters:3 function:3 co:3 authored:3 values:2 call:2 escaped:2 list:2 passed:2 pivotal:2 io:2 commit:1 enables:1 character:1 names:1 decided:1 use:1 following:1 strategy:1 supporting:1 module:1 needs:1 need:1 quoted:1 also:1 created:1 called:1 return:1 levels:1 output:1 safely:1 set:1 true:1 mei:1 apache:1;test_mlp_igd.py_in;src/ports/postgres/modules/convex/test/unit_tests/test_mlp_igd.py_in;MODIFY;0;1;2;1;0;118.0;0.0;962.0
MADLIB;Apache MADlib Committee;machine-learning;MADLIB-1237;fc8498e087736e7abe04e961345e26a297cd9113;0;Jingyi Mei;2018-05-23 23:29:54;Jingyi Mei;2018-07-02 21:45:11;special:4 column:4 support:3 characters:3 function:3 co:3 authored:3 values:2 call:2 escaped:2 list:2 passed:2 pivotal:2 io:2 commit:1 enables:1 character:1 names:1 decided:1 use:1 following:1 strategy:1 supporting:1 module:1 needs:1 need:1 quoted:1 also:1 created:1 called:1 return:1 levels:1 output:1 safely:1 set:1 true:1 mei:1 apache:1;__init__.py_in;src/ports/postgres/modules/internal/__init__.py_in;ADD;0;0;0;0;0;;;
MADLIB;Apache MADlib Committee;machine-learning;MADLIB-1237;fc8498e087736e7abe04e961345e26a297cd9113;0;Jingyi Mei;2018-05-23 23:29:54;Jingyi Mei;2018-07-02 21:45:11;special:4 column:4 support:3 characters:3 function:3 co:3 authored:3 values:2 call:2 escaped:2 list:2 passed:2 pivotal:2 io:2 commit:1 enables:1 character:1 names:1 decided:1 use:1 following:1 strategy:1 supporting:1 module:1 needs:1 need:1 quoted:1 also:1 created:1 called:1 return:1 levels:1 output:1 safely:1 set:1 true:1 mei:1 apache:1;db_utils.py_in;src/ports/postgres/modules/internal/db_utils.py_in;ADD;0;0;74;0;0;51.0;0.0;192.0
MADLIB;Apache MADlib Committee;machine-learning;MADLIB-1237;fc8498e087736e7abe04e961345e26a297cd9113;0;Jingyi Mei;2018-05-23 23:29:54;Jingyi Mei;2018-07-02 21:45:11;special:4 column:4 support:3 characters:3 function:3 co:3 authored:3 values:2 call:2 escaped:2 list:2 passed:2 pivotal:2 io:2 commit:1 enables:1 character:1 names:1 decided:1 use:1 following:1 strategy:1 supporting:1 module:1 needs:1 need:1 quoted:1 also:1 created:1 called:1 return:1 levels:1 output:1 safely:1 set:1 true:1 mei:1 apache:1;minibatch_preprocessing.py_in;src/ports/postgres/modules/utilities/minibatch_preprocessing.py_in;MODIFY;0;0;155;208;0;550.0;0.0;2525.0
MADLIB;Apache MADlib Committee;machine-learning;MADLIB-1237;fc8498e087736e7abe04e961345e26a297cd9113;0;Jingyi Mei;2018-05-23 23:29:54;Jingyi Mei;2018-07-02 21:45:11;special:4 column:4 support:3 characters:3 function:3 co:3 authored:3 values:2 call:2 escaped:2 list:2 passed:2 pivotal:2 io:2 commit:1 enables:1 character:1 names:1 decided:1 use:1 following:1 strategy:1 supporting:1 module:1 needs:1 need:1 quoted:1 also:1 created:1 called:1 return:1 levels:1 output:1 safely:1 set:1 true:1 mei:1 apache:1;minibatch_preprocessing.sql_in;src/ports/postgres/modules/utilities/minibatch_preprocessing.sql_in;MODIFY;0;0;4;2;0;577.0;0.0;455.0
MADLIB;Apache MADlib Committee;machine-learning;MADLIB-1237;fc8498e087736e7abe04e961345e26a297cd9113;0;Jingyi Mei;2018-05-23 23:29:54;Jingyi Mei;2018-07-02 21:45:11;special:4 column:4 support:3 characters:3 function:3 co:3 authored:3 values:2 call:2 escaped:2 list:2 passed:2 pivotal:2 io:2 commit:1 enables:1 character:1 names:1 decided:1 use:1 following:1 strategy:1 supporting:1 module:1 needs:1 need:1 quoted:1 also:1 created:1 called:1 return:1 levels:1 output:1 safely:1 set:1 true:1 mei:1 apache:1;minibatch_preprocessing.sql_in;src/ports/postgres/modules/utilities/test/minibatch_preprocessing.sql_in;MODIFY;0;0;40;7;0;301.0;0.0;2939.0
MADLIB;Apache MADlib Committee;machine-learning;MADLIB-1237;fc8498e087736e7abe04e961345e26a297cd9113;0;Jingyi Mei;2018-05-23 23:29:54;Jingyi Mei;2018-07-02 21:45:11;special:4 column:4 support:3 characters:3 function:3 co:3 authored:3 values:2 call:2 escaped:2 list:2 passed:2 pivotal:2 io:2 commit:1 enables:1 character:1 names:1 decided:1 use:1 following:1 strategy:1 supporting:1 module:1 needs:1 need:1 quoted:1 also:1 created:1 called:1 return:1 levels:1 output:1 safely:1 set:1 true:1 mei:1 apache:1;test_minibatch_preprocessing.py_in;src/ports/postgres/modules/utilities/test/unit_tests/test_minibatch_preprocessing.py_in;MODIFY;0;1;184;177;0;265.0;0.0;1736.0
MADLIB;Apache MADlib Committee;machine-learning;MADLIB-1237;fc8498e087736e7abe04e961345e26a297cd9113;0;Jingyi Mei;2018-05-23 23:29:54;Jingyi Mei;2018-07-02 21:45:11;special:4 column:4 support:3 characters:3 function:3 co:3 authored:3 values:2 call:2 escaped:2 list:2 passed:2 pivotal:2 io:2 commit:1 enables:1 character:1 names:1 decided:1 use:1 following:1 strategy:1 supporting:1 module:1 needs:1 need:1 quoted:1 also:1 created:1 called:1 return:1 levels:1 output:1 safely:1 set:1 true:1 mei:1 apache:1;test_utilities.py_in;src/ports/postgres/modules/utilities/test/unit_tests/test_utilities.py_in;MODIFY;0;1;30;2;0;204.0;0.0;1858.0
MADLIB;Apache MADlib Committee;machine-learning;MADLIB-1237;fc8498e087736e7abe04e961345e26a297cd9113;0;Jingyi Mei;2018-05-23 23:29:54;Jingyi Mei;2018-07-02 21:45:11;special:4 column:4 support:3 characters:3 function:3 co:3 authored:3 values:2 call:2 escaped:2 list:2 passed:2 pivotal:2 io:2 commit:1 enables:1 character:1 names:1 decided:1 use:1 following:1 strategy:1 supporting:1 module:1 needs:1 need:1 quoted:1 also:1 created:1 called:1 return:1 levels:1 output:1 safely:1 set:1 true:1 mei:1 apache:1;utilities.py_in;src/ports/postgres/modules/utilities/utilities.py_in;MODIFY;0;0;67;88;0;830.0;0.0;2521.0
MADLIB;Apache MADlib Committee;machine-learning;MADLIB-1238;fc8498e087736e7abe04e961345e26a297cd9113;0;Jingyi Mei;2018-05-23 23:29:54;Jingyi Mei;2018-07-02 21:45:11;special:4 column:4 support:3 characters:3 function:3 co:3 authored:3 values:2 call:2 escaped:2 list:2 passed:2 pivotal:2 io:2 commit:1 enables:1 character:1 names:1 decided:1 use:1 following:1 strategy:1 supporting:1 module:1 needs:1 need:1 quoted:1 also:1 created:1 called:1 return:1 levels:1 output:1 safely:1 set:1 true:1 mei:1 apache:1;mlp_igd.py_in;src/ports/postgres/modules/convex/mlp_igd.py_in;MODIFY;0;0;40;46;0;1725.0;0.0;2068.0
MADLIB;Apache MADlib Committee;machine-learning;MADLIB-1238;fc8498e087736e7abe04e961345e26a297cd9113;0;Jingyi Mei;2018-05-23 23:29:54;Jingyi Mei;2018-07-02 21:45:11;special:4 column:4 support:3 characters:3 function:3 co:3 authored:3 values:2 call:2 escaped:2 list:2 passed:2 pivotal:2 io:2 commit:1 enables:1 character:1 names:1 decided:1 use:1 following:1 strategy:1 supporting:1 module:1 needs:1 need:1 quoted:1 also:1 created:1 called:1 return:1 levels:1 output:1 safely:1 set:1 true:1 mei:1 apache:1;mlp.sql_in;src/ports/postgres/modules/convex/test/mlp.sql_in;MODIFY;0;0;184;2;1;1335.0;1.0;97507.0
MADLIB;Apache MADlib Committee;machine-learning;MADLIB-1238;fc8498e087736e7abe04e961345e26a297cd9113;0;Jingyi Mei;2018-05-23 23:29:54;Jingyi Mei;2018-07-02 21:45:11;special:4 column:4 support:3 characters:3 function:3 co:3 authored:3 values:2 call:2 escaped:2 list:2 passed:2 pivotal:2 io:2 commit:1 enables:1 character:1 names:1 decided:1 use:1 following:1 strategy:1 supporting:1 module:1 needs:1 need:1 quoted:1 also:1 created:1 called:1 return:1 levels:1 output:1 safely:1 set:1 true:1 mei:1 apache:1;test_mlp_igd.py_in;src/ports/postgres/modules/convex/test/unit_tests/test_mlp_igd.py_in;MODIFY;0;1;2;1;0;118.0;0.0;962.0
MADLIB;Apache MADlib Committee;machine-learning;MADLIB-1238;fc8498e087736e7abe04e961345e26a297cd9113;0;Jingyi Mei;2018-05-23 23:29:54;Jingyi Mei;2018-07-02 21:45:11;special:4 column:4 support:3 characters:3 function:3 co:3 authored:3 values:2 call:2 escaped:2 list:2 passed:2 pivotal:2 io:2 commit:1 enables:1 character:1 names:1 decided:1 use:1 following:1 strategy:1 supporting:1 module:1 needs:1 need:1 quoted:1 also:1 created:1 called:1 return:1 levels:1 output:1 safely:1 set:1 true:1 mei:1 apache:1;__init__.py_in;src/ports/postgres/modules/internal/__init__.py_in;ADD;0;0;0;0;0;;;
MADLIB;Apache MADlib Committee;machine-learning;MADLIB-1238;fc8498e087736e7abe04e961345e26a297cd9113;0;Jingyi Mei;2018-05-23 23:29:54;Jingyi Mei;2018-07-02 21:45:11;special:4 column:4 support:3 characters:3 function:3 co:3 authored:3 values:2 call:2 escaped:2 list:2 passed:2 pivotal:2 io:2 commit:1 enables:1 character:1 names:1 decided:1 use:1 following:1 strategy:1 supporting:1 module:1 needs:1 need:1 quoted:1 also:1 created:1 called:1 return:1 levels:1 output:1 safely:1 set:1 true:1 mei:1 apache:1;db_utils.py_in;src/ports/postgres/modules/internal/db_utils.py_in;ADD;0;0;74;0;0;51.0;0.0;192.0
MADLIB;Apache MADlib Committee;machine-learning;MADLIB-1238;fc8498e087736e7abe04e961345e26a297cd9113;0;Jingyi Mei;2018-05-23 23:29:54;Jingyi Mei;2018-07-02 21:45:11;special:4 column:4 support:3 characters:3 function:3 co:3 authored:3 values:2 call:2 escaped:2 list:2 passed:2 pivotal:2 io:2 commit:1 enables:1 character:1 names:1 decided:1 use:1 following:1 strategy:1 supporting:1 module:1 needs:1 need:1 quoted:1 also:1 created:1 called:1 return:1 levels:1 output:1 safely:1 set:1 true:1 mei:1 apache:1;minibatch_preprocessing.py_in;src/ports/postgres/modules/utilities/minibatch_preprocessing.py_in;MODIFY;0;0;155;208;0;550.0;0.0;2525.0
MADLIB;Apache MADlib Committee;machine-learning;MADLIB-1238;fc8498e087736e7abe04e961345e26a297cd9113;0;Jingyi Mei;2018-05-23 23:29:54;Jingyi Mei;2018-07-02 21:45:11;special:4 column:4 support:3 characters:3 function:3 co:3 authored:3 values:2 call:2 escaped:2 list:2 passed:2 pivotal:2 io:2 commit:1 enables:1 character:1 names:1 decided:1 use:1 following:1 strategy:1 supporting:1 module:1 needs:1 need:1 quoted:1 also:1 created:1 called:1 return:1 levels:1 output:1 safely:1 set:1 true:1 mei:1 apache:1;minibatch_preprocessing.sql_in;src/ports/postgres/modules/utilities/minibatch_preprocessing.sql_in;MODIFY;0;0;4;2;0;577.0;0.0;455.0
MADLIB;Apache MADlib Committee;machine-learning;MADLIB-1238;fc8498e087736e7abe04e961345e26a297cd9113;0;Jingyi Mei;2018-05-23 23:29:54;Jingyi Mei;2018-07-02 21:45:11;special:4 column:4 support:3 characters:3 function:3 co:3 authored:3 values:2 call:2 escaped:2 list:2 passed:2 pivotal:2 io:2 commit:1 enables:1 character:1 names:1 decided:1 use:1 following:1 strategy:1 supporting:1 module:1 needs:1 need:1 quoted:1 also:1 created:1 called:1 return:1 levels:1 output:1 safely:1 set:1 true:1 mei:1 apache:1;minibatch_preprocessing.sql_in;src/ports/postgres/modules/utilities/test/minibatch_preprocessing.sql_in;MODIFY;0;0;40;7;0;301.0;0.0;2939.0
MADLIB;Apache MADlib Committee;machine-learning;MADLIB-1238;fc8498e087736e7abe04e961345e26a297cd9113;0;Jingyi Mei;2018-05-23 23:29:54;Jingyi Mei;2018-07-02 21:45:11;special:4 column:4 support:3 characters:3 function:3 co:3 authored:3 values:2 call:2 escaped:2 list:2 passed:2 pivotal:2 io:2 commit:1 enables:1 character:1 names:1 decided:1 use:1 following:1 strategy:1 supporting:1 module:1 needs:1 need:1 quoted:1 also:1 created:1 called:1 return:1 levels:1 output:1 safely:1 set:1 true:1 mei:1 apache:1;test_minibatch_preprocessing.py_in;src/ports/postgres/modules/utilities/test/unit_tests/test_minibatch_preprocessing.py_in;MODIFY;0;1;184;177;0;265.0;0.0;1736.0
MADLIB;Apache MADlib Committee;machine-learning;MADLIB-1238;fc8498e087736e7abe04e961345e26a297cd9113;0;Jingyi Mei;2018-05-23 23:29:54;Jingyi Mei;2018-07-02 21:45:11;special:4 column:4 support:3 characters:3 function:3 co:3 authored:3 values:2 call:2 escaped:2 list:2 passed:2 pivotal:2 io:2 commit:1 enables:1 character:1 names:1 decided:1 use:1 following:1 strategy:1 supporting:1 module:1 needs:1 need:1 quoted:1 also:1 created:1 called:1 return:1 levels:1 output:1 safely:1 set:1 true:1 mei:1 apache:1;test_utilities.py_in;src/ports/postgres/modules/utilities/test/unit_tests/test_utilities.py_in;MODIFY;0;1;30;2;0;204.0;0.0;1858.0
MADLIB;Apache MADlib Committee;machine-learning;MADLIB-1238;fc8498e087736e7abe04e961345e26a297cd9113;0;Jingyi Mei;2018-05-23 23:29:54;Jingyi Mei;2018-07-02 21:45:11;special:4 column:4 support:3 characters:3 function:3 co:3 authored:3 values:2 call:2 escaped:2 list:2 passed:2 pivotal:2 io:2 commit:1 enables:1 character:1 names:1 decided:1 use:1 following:1 strategy:1 supporting:1 module:1 needs:1 need:1 quoted:1 also:1 created:1 called:1 return:1 levels:1 output:1 safely:1 set:1 true:1 mei:1 apache:1;utilities.py_in;src/ports/postgres/modules/utilities/utilities.py_in;MODIFY;0;0;67;88;0;830.0;0.0;2521.0
MADLIB;Apache MADlib Committee;machine-learning;MADLIB-1238;610ea0b645d0e0baeb7b4cb30ceac942c63e1c87;0;Arvind Sridhar;2018-05-24 00:02:43;Jingyi Mei;2018-07-02 21:46:34;special:2 characters:2 column:2 co:2 authored:2 pivotal:2 io:2 encode:1 categorical:1 variables:1 handling:1 commit:1 deals:1 name:1 values:1 also:1 adds:1 install:1 check:1 test:1 cases:1 cover:1 scenarios:1 closes:1 mei:1;mlp.sql_in;src/ports/postgres/modules/convex/mlp.sql_in;MODIFY;0;0;2;1;0;1819.0;0.0;3170.0
MADLIB;Apache MADlib Committee;machine-learning;MADLIB-1238;610ea0b645d0e0baeb7b4cb30ceac942c63e1c87;0;Arvind Sridhar;2018-05-24 00:02:43;Jingyi Mei;2018-07-02 21:46:34;special:2 characters:2 column:2 co:2 authored:2 pivotal:2 io:2 encode:1 categorical:1 variables:1 handling:1 commit:1 deals:1 name:1 values:1 also:1 adds:1 install:1 check:1 test:1 cases:1 cover:1 scenarios:1 closes:1 mei:1;encode_categorical.py_in;src/ports/postgres/modules/utilities/encode_categorical.py_in;MODIFY;0;0;4;4;0;594.0;0.0;2381.0
MADLIB;Apache MADlib Committee;machine-learning;MADLIB-1238;610ea0b645d0e0baeb7b4cb30ceac942c63e1c87;0;Arvind Sridhar;2018-05-24 00:02:43;Jingyi Mei;2018-07-02 21:46:34;special:2 characters:2 column:2 co:2 authored:2 pivotal:2 io:2 encode:1 categorical:1 variables:1 handling:1 commit:1 deals:1 name:1 values:1 also:1 adds:1 install:1 check:1 test:1 cases:1 cover:1 scenarios:1 closes:1 mei:1;encode_categorical.sql_in;src/ports/postgres/modules/utilities/test/encode_categorical.sql_in;MODIFY;0;0;31;0;0;104.0;0.0;804.0
MADLIB;Apache MADlib Committee;machine-learning;MADLIB-1243;610ea0b645d0e0baeb7b4cb30ceac942c63e1c87;0;Arvind Sridhar;2018-05-24 00:02:43;Jingyi Mei;2018-07-02 21:46:34;special:2 characters:2 column:2 co:2 authored:2 pivotal:2 io:2 encode:1 categorical:1 variables:1 handling:1 commit:1 deals:1 name:1 values:1 also:1 adds:1 install:1 check:1 test:1 cases:1 cover:1 scenarios:1 closes:1 mei:1;mlp.sql_in;src/ports/postgres/modules/convex/mlp.sql_in;MODIFY;0;0;2;1;0;1819.0;0.0;3170.0
MADLIB;Apache MADlib Committee;machine-learning;MADLIB-1243;610ea0b645d0e0baeb7b4cb30ceac942c63e1c87;0;Arvind Sridhar;2018-05-24 00:02:43;Jingyi Mei;2018-07-02 21:46:34;special:2 characters:2 column:2 co:2 authored:2 pivotal:2 io:2 encode:1 categorical:1 variables:1 handling:1 commit:1 deals:1 name:1 values:1 also:1 adds:1 install:1 check:1 test:1 cases:1 cover:1 scenarios:1 closes:1 mei:1;encode_categorical.py_in;src/ports/postgres/modules/utilities/encode_categorical.py_in;MODIFY;0;0;4;4;0;594.0;0.0;2381.0
MADLIB;Apache MADlib Committee;machine-learning;MADLIB-1243;610ea0b645d0e0baeb7b4cb30ceac942c63e1c87;0;Arvind Sridhar;2018-05-24 00:02:43;Jingyi Mei;2018-07-02 21:46:34;special:2 characters:2 column:2 co:2 authored:2 pivotal:2 io:2 encode:1 categorical:1 variables:1 handling:1 commit:1 deals:1 name:1 values:1 also:1 adds:1 install:1 check:1 test:1 cases:1 cover:1 scenarios:1 closes:1 mei:1;encode_categorical.sql_in;src/ports/postgres/modules/utilities/test/encode_categorical.sql_in;MODIFY;0;0;31;0;0;104.0;0.0;804.0
MADLIB;Apache MADlib Committee;machine-learning;MADLIB-1251;9a8de21dda48ac93d6abf4d0c4c70cec59fc2080;0;Nandish Jayaram;2018-07-11 00:32:24;Nandish Jayaram;2018-07-16 18:00:15;unit:11 run:7 tests:7 test:5 option:4 convex:4 bin:3 p:3 c:3 add:2 commit:2 new:2 install:2 database:2 modules:2 module:2 written:1 python:1 files:1 located:1 folders:1 names:1 begin:1 prefix:1 adds:1 similar:1 checks:1 added:1 sample:1 usage:1 installed:1 defined:1 decision:1 trees:1 command:1 build:1 script:1 also:1 removes:1 reinstall:1 upgrade:1 using:1 options:1 specific:1 bringing:1 installation:1 unstable:1 state:1 closes:1;madpack.py;src/madpack/madpack.py;MODIFY;1;0;284;214;31;952.0;172.0;5965.0
MADLIB;Apache MADlib Committee;machine-learning;MADLIB-1251;9a8de21dda48ac93d6abf4d0c4c70cec59fc2080;0;Nandish Jayaram;2018-07-11 00:32:24;Nandish Jayaram;2018-07-16 18:00:15;unit:11 run:7 tests:7 test:5 option:4 convex:4 bin:3 p:3 c:3 add:2 commit:2 new:2 install:2 database:2 modules:2 module:2 written:1 python:1 files:1 located:1 folders:1 names:1 begin:1 prefix:1 adds:1 similar:1 checks:1 added:1 sample:1 usage:1 installed:1 defined:1 decision:1 trees:1 command:1 build:1 script:1 also:1 removes:1 reinstall:1 upgrade:1 using:1 options:1 specific:1 bringing:1 installation:1 unstable:1 state:1 closes:1;jenkins_build.sh;tool/jenkins/jenkins_build.sh;MODIFY;1;0;11;0;0;81.0;0.0;495.0
MADLIB;Apache MADlib Committee;machine-learning;MADLIB-1229;62b53dca750bf3a3cb7dfc5f59bb7961d497a066;0;Nandish Jayaram;2018-07-14 00:09:11;Nandish Jayaram;2018-07-17 22:09:26;output:2 remove:1 duplicate:1 entries:1 grouping:1 commit:1 fixes:1 missing:1 complete:1 graphs:1 bug:1 well:1 closes:1 co:1 authored:1 pivotal:1 io:1;graph_utils.py_in;src/ports/postgres/modules/graph/graph_utils.py_in;MODIFY;0;0;7;5;0;190.0;0.0;610.0
MADLIB;Apache MADlib Committee;machine-learning;MADLIB-1229;62b53dca750bf3a3cb7dfc5f59bb7961d497a066;0;Nandish Jayaram;2018-07-14 00:09:11;Nandish Jayaram;2018-07-17 22:09:26;output:2 remove:1 duplicate:1 entries:1 grouping:1 commit:1 fixes:1 missing:1 complete:1 graphs:1 bug:1 well:1 closes:1 co:1 authored:1 pivotal:1 io:1;pagerank.py_in;src/ports/postgres/modules/graph/pagerank.py_in;MODIFY;0;0;47;24;0;816.0;0.0;685.0
MADLIB;Apache MADlib Committee;machine-learning;MADLIB-1229;62b53dca750bf3a3cb7dfc5f59bb7961d497a066;0;Nandish Jayaram;2018-07-14 00:09:11;Nandish Jayaram;2018-07-17 22:09:26;output:2 remove:1 duplicate:1 entries:1 grouping:1 commit:1 fixes:1 missing:1 complete:1 graphs:1 bug:1 well:1 closes:1 co:1 authored:1 pivotal:1 io:1;pagerank.sql_in;src/ports/postgres/modules/graph/test/pagerank.sql_in;MODIFY;0;0;40;0;0;153.0;0.0;993.0
MADLIB;Apache MADlib Committee;machine-learning;MADLIB-1253;62b53dca750bf3a3cb7dfc5f59bb7961d497a066;0;Nandish Jayaram;2018-07-14 00:09:11;Nandish Jayaram;2018-07-17 22:09:26;output:2 remove:1 duplicate:1 entries:1 grouping:1 commit:1 fixes:1 missing:1 complete:1 graphs:1 bug:1 well:1 closes:1 co:1 authored:1 pivotal:1 io:1;graph_utils.py_in;src/ports/postgres/modules/graph/graph_utils.py_in;MODIFY;0;0;7;5;0;190.0;0.0;610.0
MADLIB;Apache MADlib Committee;machine-learning;MADLIB-1253;62b53dca750bf3a3cb7dfc5f59bb7961d497a066;0;Nandish Jayaram;2018-07-14 00:09:11;Nandish Jayaram;2018-07-17 22:09:26;output:2 remove:1 duplicate:1 entries:1 grouping:1 commit:1 fixes:1 missing:1 complete:1 graphs:1 bug:1 well:1 closes:1 co:1 authored:1 pivotal:1 io:1;pagerank.py_in;src/ports/postgres/modules/graph/pagerank.py_in;MODIFY;0;0;47;24;0;816.0;0.0;685.0
MADLIB;Apache MADlib Committee;machine-learning;MADLIB-1253;62b53dca750bf3a3cb7dfc5f59bb7961d497a066;0;Nandish Jayaram;2018-07-14 00:09:11;Nandish Jayaram;2018-07-17 22:09:26;output:2 remove:1 duplicate:1 entries:1 grouping:1 commit:1 fixes:1 missing:1 complete:1 graphs:1 bug:1 well:1 closes:1 co:1 authored:1 pivotal:1 io:1;pagerank.sql_in;src/ports/postgres/modules/graph/test/pagerank.sql_in;MODIFY;0;0;40;0;0;153.0;0.0;993.0
